year,month,fragility,malware,base_f1,delta
2016,2,44.021,1522,82.813,-0.4752
2016,3,27.005,4625,91.780,0.1086
2016,4,62.177,928,60.410,-0.3208
2016,5,53.659,574,87.350,0.2538
2016,6,82.540,189,73.593,-0.8801
2016,7,68.562,299,86.124,0.7209
2016,8,46.667,540,81.786,1.1460
2016,10,75.824,182,75.398,2.4968
2017,1,75.802,343,44.429,-2.2909
2017,2,73.448,290,33.438,-4.0823
2017,3,73.894,927,34.572,-2.2920
2017,4,74.077,1354,38.375,-4.0563
2017,10,85.393,712,29.037,-2.5303
2017,11,83.976,337,20.043,-1.4560
2017,12,84.262,305,27.401,-2.0122
2018,1,30.556,1044,49.374,-0.4262
2018,2,82.286,175,24.314,-2.2275
2018,3,78.175,252,29.917,-5.7853
2018,4,81.921,177,25.610,-6.2306
2018,6,84.305,669,20.085,0.8606
2018,7,82.390,3782,22.923,0.2114
2018,8,81.167,1131,26.958,-0.9989
2018,11,82.724,301,34.996,0.1771
2018,12,83.502,297,33.889,0.5208
2019,1,78.889,90,20.494,0.4624
2019,2,88.060,67,29.683,0.9565
2019,3,92.208,77,28.066,-1.3534
2019,4,89.583,48,42.722,-1.5296
2019,5,87.500,80,41.005,4.8743
2019,6,16.615,4189,83.149,0.7328
2019,7,78.571,56,32.789,0.6653
2019,8,82.979,47,17.687,4.3073
2019,9,80.556,36,20.001,4.0043
2019,10,80.962,3451,77.491,7.4863
2019,11,58.065,31,18.590,1.1350
2019,12,68.966,145,79.564,5.4251
2020,1,53.905,3508,80.983,5.1284
2020,2,82.979,47,65.326,5.9753
2020,3,80.164,3660,82.146,6.4671
2020,4,93.240,429,73.806,6.3178
2020,5,75.335,523,50.864,4.2337
2020,6,77.295,207,32.127,5.3315
2020,7,79.570,93,28.297,1.0375
2020,8,81.553,103,24.365,1.0415
2020,9,11.048,525,66.749,-0.2946
2020,10,89.706,68,22.383,6.7139
2020,11,91.489,47,26.957,8.2341
2020,12,93.443,61,31.728,4.4903
2021,1,88.793,116,37.464,7.6278
2021,2,85.897,78,24.782,8.4116
2021,3,89.474,133,34.132,8.8563
2021,4,87.692,130,25.925,7.4207
2021,5,87.500,128,38.566,4.5369
2021,6,88.073,109,36.100,9.2378
2021,7,90.566,106,23.953,11.9168
2021,8,84.348,115,33.064,4.3134
2021,9,72.093,86,23.476,2.2423
2021,10,81.395,86,24.674,5.7619
2021,11,75.291,4383,74.239,6.3100
2021,12,86.647,1655,72.288,7.8618
2022,1,92.405,79,47.766,3.2869
2022,2,95.745,47,53.383,4.5827
2022,4,46.192,4215,76.624,5.6026
2022,5,43.488,1789,76.274,4.9418
2022,6,51.988,327,71.708,5.0210
2022,7,48.421,190,68.711,7.0146
2022,8,34.364,1487,76.452,5.8061
2022,9,70.588,34,27.780,-0.3530
2022,10,74.684,79,42.001,3.0881
2022,11,64.865,37,33.841,3.8337
