k,arm,from,to,jaccard,kendall
100,2-fixed,2013-06,2013-09,0.412698,0.269089
100,2-fixed,2013-09,2013-10,0.290598,0.204443
100,2-fixed,2013-10,2013-11,0.305085,0.233667
100,2-fixed,2013-11,2013-12,0.290598,0.252763
100,2-fixed,2013-12,2014-01,0.347107,0.256047
100,2-fixed,2014-01,2014-02,0.387097,0.331442
100,2-fixed,2014-02,2014-03,0.214286,0.225605
100,2-fixed,2014-03,2014-04,0.290598,0.240992
100,2-fixed,2014-04,2014-05,0.373984,0.361855
100,2-fixed,2014-05,2014-06,0.387097,0.315291
100,2-fixed,2014-06,2014-07,0.230088,0.194216
100,2-fixed,2014-07,2014-08,0.260870,0.260317
100,2-fixed,2014-08,2016-02,0.387097,0.307591
100,2-fixed,2016-02,2016-03,0.333333,0.256013
100,2-fixed,2016-03,2016-04,0.473282,0.408967
100,2-fixed,2016-04,2016-05,0.571429,0.465482
100,2-fixed,2016-05,2016-06,0.550725,0.465249
100,2-fixed,2016-06,2016-07,0.507463,0.423798
100,2-fixed,2016-07,2016-08,0.571429,0.406134
100,2-fixed,2016-08,2016-09,0.726115,0.520666
100,2-fixed,2016-09,2016-10,0.425197,0.355722
100,2-fixed,2016-10,2017-01,0.484848,0.391563
100,2-fixed,2017-01,2017-02,0.245614,0.183565
100,2-fixed,2017-02,2017-03,0.165138,0.131212
100,2-fixed,2017-03,2017-04,0.181818,0.125438
100,2-fixed,2017-04,2017-10,0.214286,0.197933
100,2-fixed,2017-10,2017-11,0.165138,0.157662
100,2-fixed,2017-11,2017-12,0.130841,0.105096
100,2-fixed,2017-12,2018-01,0.400000,0.255429
100,2-fixed,2018-01,2018-02,0.290598,0.232567
100,2-fixed,2018-02,2018-03,0.148148,0.107130
100,2-fixed,2018-03,2018-04,0.095238,0.096392
100,2-fixed,2018-04,2018-06,0.305085,0.245217
100,2-fixed,2018-06,2018-07,0.148148,0.134672
100,2-fixed,2018-07,2018-08,0.181818,0.136781
100,2-fixed,2018-08,2018-09,0.214286,0.186967
100,2-fixed,2018-09,2018-10,0.198198,0.193996
100,2-fixed,2018-10,2018-11,0.130841,0.166990
100,2-fixed,2018-11,2018-12,0.148148,0.120630
100,2-fixed,2018-12,2019-01,0.165138,0.170631
100,2-fixed,2019-01,2019-02,0.165138,0.127644
100,2-fixed,2019-02,2019-03,0.095238,0.123832
100,2-fixed,2019-03,2019-04,0.181818,0.168001
100,2-fixed,2019-04,2019-05,0.148148,0.159628
100,2-fixed,2019-05,2019-06,0.507463,0.401428
100,2-fixed,2019-06,2019-07,0.518519,0.413229
100,2-fixed,2019-07,2019-08,0.148148,0.165686
100,2-fixed,2019-08,2019-09,0.181818,0.124458
100,2-fixed,2019-09,2019-10,0.518519,0.478934
100,2-fixed,2019-10,2019-11,0.581560,0.478821
100,2-fixed,2019-11,2019-12,0.373984,0.359828
100,2-fixed,2019-12,2020-01,0.484848,0.360317
100,2-fixed,2020-01,2020-02,0.611111,0.465065
100,2-fixed,2020-02,2020-03,0.611111,0.492512
100,2-fixed,2020-03,2020-04,0.333333,0.270724
100,2-fixed,2020-04,2020-05,0.529412,0.423874
100,2-fixed,2020-05,2020-06,0.214286,0.194015
100,2-fixed,2020-06,2020-07,0.130841,0.155528
100,2-fixed,2020-07,2020-08,0.148148,0.136726
100,2-fixed,2020-08,2020-09,0.319328,0.265816
100,2-fixed,2020-09,2020-10,0.347107,0.291784
100,2-fixed,2020-10,2020-11,0.148148,0.142288
100,2-fixed,2020-11,2020-12,0.130841,0.126664
100,2-fixed,2020-12,2021-01,0.181818,0.148624
100,2-fixed,2021-01,2021-02,0.214286,0.146127
100,2-fixed,2021-02,2021-03,0.165138,0.121155
100,2-fixed,2021-03,2021-04,0.165138,0.126763
100,2-fixed,2021-04,2021-05,0.181818,0.132132
100,2-fixed,2021-05,2021-06,0.165138,0.119796
100,2-fixed,2021-06,2021-07,0.148148,0.113727
100,2-fixed,2021-07,2021-08,0.165138,0.133421
100,2-fixed,2021-08,2021-09,0.130841,0.138480
100,2-fixed,2021-09,2021-10,0.113208,0.148666
100,2-fixed,2021-10,2021-11,0.529412,0.418544
100,2-fixed,2021-11,2021-12,0.181818,0.158905
100,2-fixed,2021-12,2022-01,0.484848,0.367056
100,2-fixed,2022-01,2022-02,0.148148,0.126017
100,2-fixed,2022-02,2022-03,0.148148,0.126363
100,2-fixed,2022-03,2022-04,0.591549,0.435063
100,2-fixed,2022-04,2022-05,0.198198,0.140996
100,2-fixed,2022-05,2022-06,0.412698,0.268166
100,2-fixed,2022-06,2022-07,0.214286,0.117117
100,2-fixed,2022-07,2022-08,0.319328,0.260647
100,2-fixed,2022-08,2022-09,0.484848,0.368215
100,2-fixed,2022-09,2022-10,0.165138,0.107562
100,2-fixed,2022-10,2022-11,0.148148,0.098494
100,2-fixed,2022-11,2022-12,0.165138,0.124214
100,3-refit,2013-06,2013-09,0.657718,0.498536
100,3-refit,2013-09,2013-10,0.540146,0.416463
100,3-refit,2013-10,2013-11,0.473282,0.409182
100,3-refit,2013-11,2013-12,0.496241,0.383283
100,3-refit,2013-12,2014-01,0.581560,0.452104
100,3-refit,2014-01,2014-02,0.591549,0.491914
100,3-refit,2014-02,2014-03,0.484848,0.391249
100,3-refit,2014-03,2014-04,0.484848,0.409693
100,3-refit,2014-04,2014-05,0.550725,0.444188
100,3-refit,2014-05,2014-06,0.540146,0.407910
100,3-refit,2014-06,2014-07,0.496241,0.342742
100,3-refit,2014-07,2014-08,0.518519,0.394494
100,3-refit,2014-08,2016-02,0.630137,0.480751
100,3-refit,2016-02,2016-03,0.507463,0.366257
100,3-refit,2016-03,2016-04,0.540146,0.504965
100,3-refit,2016-04,2016-05,0.675497,0.531180
100,3-refit,2016-05,2016-06,0.717949,0.531092
100,3-refit,2016-06,2016-07,0.742138,0.558322
100,3-refit,2016-07,2016-08,0.773006,0.560911
100,3-refit,2016-08,2016-09,0.952880,0.775950
100,3-refit,2016-09,2016-10,0.907104,0.703675
100,3-refit,2016-10,2017-01,0.780488,0.558609
100,3-refit,2017-01,2017-02,0.591549,0.443025
100,3-refit,2017-02,2017-03,0.550725,0.419884
100,3-refit,2017-03,2017-04,0.360656,0.350217
100,3-refit,2017-04,2017-10,0.473282,0.399441
100,3-refit,2017-10,2017-11,0.484848,0.385425
100,3-refit,2017-11,2017-12,0.473282,0.371711
100,3-refit,2017-12,2018-01,0.540146,0.423973
100,3-refit,2018-01,2018-02,0.473282,0.402293
100,3-refit,2018-02,2018-03,0.360656,0.326385
100,3-refit,2018-03,2018-04,0.425197,0.330902
100,3-refit,2018-04,2018-06,0.571429,0.442507
100,3-refit,2018-06,2018-07,0.591549,0.434546
100,3-refit,2018-07,2018-08,0.581560,0.441516
100,3-refit,2018-08,2018-09,0.816568,0.587863
100,3-refit,2018-09,2018-10,0.857143,0.618842
100,3-refit,2018-10,2018-11,0.823529,0.577338
100,3-refit,2018-11,2018-12,0.540146,0.419230
100,3-refit,2018-12,2019-01,0.561151,0.449702
100,3-refit,2019-01,2019-02,0.666667,0.525979
100,3-refit,2019-02,2019-03,0.750000,0.591195
100,3-refit,2019-03,2019-04,0.757764,0.590385
100,3-refit,2019-04,2019-05,0.657718,0.536039
100,3-refit,2019-05,2019-06,0.750000,0.602414
100,3-refit,2019-06,2019-07,0.750000,0.594948
100,3-refit,2019-07,2019-08,0.750000,0.564783
100,3-refit,2019-08,2019-09,0.717949,0.593308
100,3-refit,2019-09,2019-10,0.773006,0.622265
100,3-refit,2019-10,2019-11,0.843931,0.622146
100,3-refit,2019-11,2019-12,0.830409,0.597942
100,3-refit,2019-12,2020-01,0.765432,0.553632
100,3-refit,2020-01,2020-02,0.823529,0.609735
100,3-refit,2020-02,2020-03,0.816568,0.617138
100,3-refit,2020-03,2020-04,0.780488,0.580467
100,3-refit,2020-04,2020-05,0.757764,0.568714
100,3-refit,2020-05,2020-06,0.611111,0.490123
100,3-refit,2020-06,2020-07,0.648649,0.515009
100,3-refit,2020-07,2020-08,0.675497,0.525625
100,3-refit,2020-08,2020-09,0.620690,0.487795
100,3-refit,2020-09,2020-10,0.601399,0.487519
100,3-refit,2020-10,2020-11,0.581560,0.506347
100,3-refit,2020-11,2020-12,0.675497,0.522954
100,3-refit,2020-12,2021-01,0.630137,0.523027
100,3-refit,2021-01,2021-02,0.684211,0.565429
100,3-refit,2021-02,2021-03,0.675497,0.515076
100,3-refit,2021-03,2021-04,0.692810,0.489513
100,3-refit,2021-04,2021-05,0.639456,0.484188
100,3-refit,2021-05,2021-06,0.630137,0.494260
100,3-refit,2021-06,2021-07,0.684211,0.514080
100,3-refit,2021-07,2021-08,0.709677,0.538880
100,3-refit,2021-08,2021-09,0.666667,0.494220
100,3-refit,2021-09,2021-10,0.742138,0.558332
100,3-refit,2021-10,2021-11,0.757764,0.611738
100,3-refit,2021-11,2021-12,0.692810,0.579472
100,3-refit,2021-12,2022-01,0.787879,0.616996
100,3-refit,2022-01,2022-02,0.648649,0.526537
100,3-refit,2022-02,2022-03,0.757764,0.596220
100,3-refit,2022-03,2022-04,0.802395,0.632194
100,3-refit,2022-04,2022-05,0.581560,0.418193
100,3-refit,2022-05,2022-06,0.639456,0.492395
100,3-refit,2022-06,2022-07,0.701299,0.563121
100,3-refit,2022-07,2022-08,0.639456,0.509655
100,3-refit,2022-08,2022-09,0.837209,0.631028
100,3-refit,2022-09,2022-10,0.757764,0.615723
100,3-refit,2022-10,2022-11,0.816568,0.629814
100,3-refit,2022-11,2022-12,0.823529,0.627919
1000,2-fixed,2013-06,2013-09,0.222222,0.149555
1000,2-fixed,2013-09,2013-10,0.129093,0.119781
1000,2-fixed,2013-10,2013-11,0.120301,0.123850
1000,2-fixed,2013-11,2013-12,0.130841,0.139946
1000,2-fixed,2013-12,2014-01,0.107852,0.126489
1000,2-fixed,2014-01,2014-02,0.148148,0.160397
1000,2-fixed,2014-02,2014-03,0.149861,0.136247
1000,2-fixed,2014-03,2014-04,0.109641,0.105574
1000,2-fixed,2014-04,2014-05,0.116761,0.140763
1000,2-fixed,2014-05,2014-06,0.139535,0.159938
1000,2-fixed,2014-06,2014-07,0.149861,0.121502
1000,2-fixed,2014-07,2014-08,0.148148,0.136336
1000,2-fixed,2014-08,2016-02,0.190045,0.168167
1000,2-fixed,2016-02,2016-03,0.199820,0.155210
1000,2-fixed,2016-03,2016-04,0.245614,0.202735
1000,2-fixed,2016-04,2016-05,0.236332,0.198760
1000,2-fixed,2016-05,2016-06,0.160074,0.157602
1000,2-fixed,2016-06,2016-07,0.097050,0.121276
1000,2-fixed,2016-07,2016-08,0.111426,0.140857
1000,2-fixed,2016-08,2016-09,0.168498,0.173163
1000,2-fixed,2016-09,2016-10,0.084291,0.107098
1000,2-fixed,2016-10,2017-01,0.166819,0.140075
1000,2-fixed,2017-01,2017-02,0.089780,0.097839
1000,2-fixed,2017-02,2017-03,0.069498,0.092421
1000,2-fixed,2017-03,2017-04,0.082454,0.084291
1000,2-fixed,2017-04,2017-10,0.122066,0.096563
1000,2-fixed,2017-10,2017-11,0.142990,0.101043
1000,2-fixed,2017-11,2017-12,0.071360,0.068473
1000,2-fixed,2017-12,2018-01,0.153278,0.132569
1000,2-fixed,2018-01,2018-02,0.151571,0.122599
1000,2-fixed,2018-02,2018-03,0.087954,0.091039
1000,2-fixed,2018-03,2018-04,0.100665,0.090787
1000,2-fixed,2018-04,2018-06,0.107852,0.100240
1000,2-fixed,2018-06,2018-07,0.089780,0.087934
1000,2-fixed,2018-07,2018-08,0.122066,0.107416
1000,2-fixed,2018-08,2018-09,0.113208,0.121511
1000,2-fixed,2018-09,2018-10,0.080614,0.086058
1000,2-fixed,2018-10,2018-11,0.080614,0.093418
1000,2-fixed,2018-11,2018-12,0.080614,0.086228
1000,2-fixed,2018-12,2019-01,0.086124,0.078849
1000,2-fixed,2019-01,2019-02,0.075072,0.091663
1000,2-fixed,2019-02,2019-03,0.069498,0.081381
1000,2-fixed,2019-03,2019-04,0.073218,0.083844
1000,2-fixed,2019-04,2019-05,0.058252,0.071371
1000,2-fixed,2019-05,2019-06,0.312236,0.185496
1000,2-fixed,2019-06,2019-07,0.344371,0.198320
1000,2-fixed,2019-07,2019-08,0.107852,0.086256
1000,2-fixed,2019-08,2019-09,0.091603,0.081312
1000,2-fixed,2019-09,2019-10,0.154982,0.147365
1000,2-fixed,2019-10,2019-11,0.181818,0.154031
1000,2-fixed,2019-11,2019-12,0.113208,0.115079
1000,2-fixed,2019-12,2020-01,0.204668,0.149468
1000,2-fixed,2020-01,2020-02,0.223801,0.188163
1000,2-fixed,2020-02,2020-03,0.130841,0.173582
1000,2-fixed,2020-03,2020-04,0.086124,0.111909
1000,2-fixed,2020-04,2020-05,0.114986,0.126954
1000,2-fixed,2020-05,2020-06,0.091603,0.090112
1000,2-fixed,2020-06,2020-07,0.078770,0.083086
1000,2-fixed,2020-07,2020-08,0.084291,0.086973
1000,2-fixed,2020-08,2020-09,0.185118,0.131848
1000,2-fixed,2020-09,2020-10,0.178506,0.143954
1000,2-fixed,2020-10,2020-11,0.060136,0.078222
1000,2-fixed,2020-11,2020-12,0.086124,0.102297
1000,2-fixed,2020-12,2021-01,0.098859,0.099725
1000,2-fixed,2021-01,2021-02,0.073218,0.079963
1000,2-fixed,2021-02,2021-03,0.086124,0.089756
1000,2-fixed,2021-03,2021-04,0.052580,0.066179
1000,2-fixed,2021-04,2021-05,0.044966,0.059623
1000,2-fixed,2021-05,2021-06,0.050682,0.058986
1000,2-fixed,2021-06,2021-07,0.080614,0.081969
1000,2-fixed,2021-07,2021-08,0.106061,0.096866
1000,2-fixed,2021-08,2021-09,0.080614,0.082463
1000,2-fixed,2021-09,2021-10,0.069498,0.078472
1000,2-fixed,2021-10,2021-11,0.171846,0.153134
1000,2-fixed,2021-11,2021-12,0.097050,0.090382
1000,2-fixed,2021-12,2022-01,0.111426,0.127000
1000,2-fixed,2022-01,2022-02,0.056365,0.076457
1000,2-fixed,2022-02,2022-03,0.069498,0.082456
1000,2-fixed,2022-03,2022-04,0.240985,0.187915
1000,2-fixed,2022-04,2022-05,0.109641,0.101065
1000,2-fixed,2022-05,2022-06,0.163453,0.139002
1000,2-fixed,2022-06,2022-07,0.120301,0.104593
1000,2-fixed,2022-07,2022-08,0.166819,0.129184
1000,2-fixed,2022-08,2022-09,0.214286,0.163450
1000,2-fixed,2022-09,2022-10,0.063892,0.073259
1000,2-fixed,2022-10,2022-11,0.106061,0.089545
1000,2-fixed,2022-11,2022-12,0.125586,0.094428
1000,3-refit,2013-06,2013-09,0.373984,0.321624
1000,3-refit,2013-09,2013-10,0.322148,0.310327
1000,3-refit,2013-10,2013-11,0.302207,0.270975
1000,3-refit,2013-11,2013-12,0.383185,0.298193
1000,3-refit,2013-12,2014-01,0.364677,0.330637
1000,3-refit,2014-01,2014-02,0.364677,0.338013
1000,3-refit,2014-02,2014-03,0.367347,0.343674
1000,3-refit,2014-03,2014-04,0.360656,0.334727
1000,3-refit,2014-04,2014-05,0.373984,0.314591
1000,3-refit,2014-05,2014-06,0.323554,0.318485
1000,3-refit,2014-06,2014-07,0.306520,0.267447
1000,3-refit,2014-07,2014-08,0.337490,0.302461
1000,3-refit,2014-08,2016-02,0.376623,0.372381
1000,3-refit,2016-02,2016-03,0.359311,0.336595
1000,3-refit,2016-03,2016-04,0.351195,0.345433
1000,3-refit,2016-04,2016-05,0.367347,0.369910
1000,3-refit,2016-05,2016-06,0.425197,0.394491
1000,3-refit,2016-06,2016-07,0.438720,0.434552
1000,3-refit,2016-07,2016-08,0.484848,0.454811
1000,3-refit,2016-08,2016-09,0.394864,0.532142
1000,3-refit,2016-09,2016-10,0.671096,0.486524
1000,3-refit,2016-10,2017-01,0.576512,0.485734
1000,3-refit,2017-01,2017-02,0.392283,0.302526
1000,3-refit,2017-02,2017-03,0.322148,0.323547
1000,3-refit,2017-03,2017-04,0.324958,0.298387
1000,3-refit,2017-04,2017-10,0.355263,0.332229
1000,3-refit,2017-10,2017-11,0.349835,0.293018
1000,3-refit,2017-11,2017-12,0.310811,0.276722
1000,3-refit,2017-12,2018-01,0.340249,0.312272
1000,3-refit,2018-01,2018-02,0.292058,0.286419
1000,3-refit,2018-02,2018-03,0.280310,0.287093
1000,3-refit,2018-03,2018-04,0.320739,0.303613
1000,3-refit,2018-04,2018-06,0.357964,0.329720
1000,3-refit,2018-06,2018-07,0.379254,0.335945
1000,3-refit,2018-07,2018-08,0.357964,0.335742
1000,3-refit,2018-08,2018-09,0.575499,0.491800
1000,3-refit,2018-09,2018-10,0.887653,0.476016
1000,3-refit,2018-10,2018-11,0.762376,0.496282
1000,3-refit,2018-11,2018-12,0.459168,0.357053
1000,3-refit,2018-12,2019-01,0.491704,0.368900
1000,3-refit,2019-01,2019-02,0.457980,0.412020
1000,3-refit,2019-02,2019-03,0.431373,0.408894
1000,3-refit,2019-03,2019-04,0.479087,0.419682
1000,3-refit,2019-04,2019-05,0.477930,0.384103
1000,3-refit,2019-05,2019-06,0.468606,0.432642
1000,3-refit,2019-06,2019-07,0.515219,0.425692
1000,3-refit,2019-07,2019-08,0.505232,0.397826
1000,3-refit,2019-08,2019-09,0.455598,0.414501
1000,3-refit,2019-09,2019-10,0.626374,0.510054
1000,3-refit,2019-10,2019-11,0.658618,0.492560
1000,3-refit,2019-11,2019-12,0.608212,0.501973
1000,3-refit,2019-12,2020-01,0.546512,0.479356
1000,3-refit,2020-01,2020-02,0.536942,0.476964
1000,3-refit,2020-02,2020-03,0.610146,0.491760
1000,3-refit,2020-03,2020-04,0.517420,0.449217
1000,3-refit,2020-04,2020-05,0.584572,0.473740
1000,3-refit,2020-05,2020-06,0.431373,0.381736
1000,3-refit,2020-06,2020-07,0.456790,0.375382
1000,3-refit,2020-07,2020-08,0.447205,0.379872
1000,3-refit,2020-08,2020-09,0.412698,0.370709
1000,3-refit,2020-09,2020-10,0.406375,0.379080
1000,3-refit,2020-10,2020-11,0.447205,0.388804
1000,3-refit,2020-11,2020-12,0.468606,0.372521
1000,3-refit,2020-12,2021-01,0.473282,0.383872
1000,3-refit,2021-01,2021-02,0.452012,0.384254
1000,3-refit,2021-02,2021-03,0.485995,0.415474
1000,3-refit,2021-03,2021-04,0.428908,0.391986
1000,3-refit,2021-04,2021-05,0.433829,0.381597
1000,3-refit,2021-05,2021-06,0.413957,0.383543
1000,3-refit,2021-06,2021-07,0.456790,0.405441
1000,3-refit,2021-07,2021-08,0.441154,0.394033
1000,3-refit,2021-08,2021-09,0.455598,0.371265
1000,3-refit,2021-09,2021-10,0.443580,0.378317
1000,3-refit,2021-10,2021-11,0.520710,0.452668
1000,3-refit,2021-11,2021-12,0.522895,0.463179
1000,3-refit,2021-12,2022-01,0.547567,0.486493
1000,3-refit,2022-01,2022-02,0.474447,0.449221
1000,3-refit,2022-02,2022-03,0.469778,0.436034
1000,3-refit,2022-03,2022-04,0.563218,0.455722
1000,3-refit,2022-04,2022-05,0.509687,0.410458
1000,3-refit,2022-05,2022-06,0.528330,0.425723
1000,3-refit,2022-06,2022-07,0.508576,0.411545
1000,3-refit,2022-07,2022-08,0.544396,0.436367
1000,3-refit,2022-08,2022-09,0.558039,0.443055
1000,3-refit,2022-09,2022-10,0.454405,0.439286
1000,3-refit,2022-10,2022-11,0.473282,0.474973
1000,3-refit,2022-11,2022-12,0.476771,0.461072
