to_month,local_written,local_both,exact
2013-09,0.0952,0.2143,0.4127
2013-10,0.0392,0.4252,0.2906
2013-11,0.3051,0.4252,0.3051
2013-12,0.3051,0.3193,0.2906
2014-01,0.0583,0.4000,0.3471
2014-02,0.3051,0.5612,0.3871
2014-03,0.0198,0.1818,0.2143
2014-04,0.0198,0.5294,0.2906
2014-05,0.2906,0.5714,0.3740
2014-06,0.2906,0.4848,0.3871
2014-07,0.2759,0.2143,0.2301
2014-08,0.2906,0.4615,0.2609
2016-02,0.2906,0.3871,0.3871
2016-03,0.3051,0.4000,0.3333
2016-04,0.2301,0.6207,0.4733
2016-05,0.2609,0.6928,0.5714
2016-06,0.3471,0.6395,0.5507
2016-07,0.0198,0.4733,0.5075
2016-08,0.0198,0.5816,0.5714
2016-09,0.3871,0.6014,0.7261
2016-10,0.1481,0.6301,0.4252
2017-01,0.1651,0.7261,0.4848
2017-02,0.1308,0.0952,0.2456
2017-03,0.1308,0.0769,0.1651
2017-04,0.0198,0.0769,0.1818
2017-10,0.0198,0.1308,0.2143
2017-11,0.0769,0.1308,0.1651
2017-12,0.0583,0.0583,0.1308
2018-01,0.1132,0.2609,0.4000
2018-02,0.1651,0.4375,0.2906
2018-03,0.0952,0.4000,0.1481
2018-04,0.0769,0.0952,0.0952
2018-06,0.1132,0.3740,0.3051
2018-07,0.1132,0.0769,0.1481
2018-08,0.0583,0.0769,0.1818
2018-09,0.1651,0.3871,0.2143
2018-10,0.0583,0.5816,0.1982
2018-11,0.0769,0.5612,0.1308
2018-12,0.0952,0.0583,0.1481
2019-01,0.0583,0.1651,0.1651
2019-02,0.1132,0.0583,0.1651
2019-03,0.0392,0.0583,0.0952
2019-04,0.0198,0.0198,0.1818
2019-05,0.0392,0.1132,0.1481
2019-06,0.4733,0.6014,0.5075
2019-07,0.4496,0.6395,0.5185
2019-08,0.0583,0.0583,0.1481
2019-09,0.0769,0.0952,0.1818
2019-10,0.1308,0.7342,0.5185
2019-11,0.1818,0.7578,0.5816
2019-12,0.1818,0.7013,0.3740
2020-01,0.1481,0.4252,0.4848
2020-02,0.1651,0.7179,0.6111
2020-03,0.1651,0.7500,0.6111
2020-04,0.0952,0.4000,0.3333
2020-05,0.1308,0.7261,0.5294
2020-06,0.0583,0.1651,0.2143
2020-07,0.0392,0.0952,0.1308
2020-08,0.0952,0.0769,0.1481
2020-09,0.1982,0.3333,0.3193
2020-10,0.2609,0.3871,0.3471
2020-11,0.1132,0.0952,0.1481
2020-12,0.0392,0.1132,0.1308
2021-01,0.0392,0.0769,0.1818
2021-02,0.0583,0.0769,0.2143
2021-03,0.0583,0.0583,0.1651
2021-04,0.0583,0.1481,0.1651
2021-05,0.0583,0.0952,0.1818
2021-06,0.0583,0.1132,0.1651
2021-07,0.0952,0.0769,0.1481
2021-08,0.0769,0.1132,0.1651
2021-09,0.0952,0.0769,0.1308
2021-10,0.0952,0.0198,0.1132
2021-11,0.1481,0.7261,0.5294
2021-12,0.1308,0.0769,0.1818
2022-01,0.1308,0.7179,0.4848
2022-02,0.0583,0.5401,0.1481
2022-03,0.1308,0.0769,0.1481
2022-04,0.2609,0.7421,0.5915
2022-05,0.0952,0.1651,0.1982
2022-06,0.0583,0.3051,0.4127
2022-07,0.1481,0.3051,0.2143
2022-08,0.1308,0.6486,0.3193
2022-09,0.2759,0.7097,0.4848
2022-10,0.1651,0.0769,0.1651
2022-11,0.1132,0.0952,0.1481
2022-12,0.1308,0.0583,0.1651
