corpus,period,model,achievable,oracle,inflation
APIGraph,2013,FPTM,87.3,88.08,0.7800000000000011
APIGraph,2013,LightGBM,85.33,89.15,3.8200000000000074
APIGraph,2013,XGBoost,83.47,88.54,5.070000000000007
APIGraph,2014,FPTM,72.25,73.87,1.6200000000000045
APIGraph,2014,LightGBM,66.88,75.29,8.41000000000001
APIGraph,2014,XGBoost,67.75,76.36,8.61
APIGraph,2015,FPTM,67.34,69.92,2.5799999999999983
APIGraph,2015,LightGBM,63.68,72.85,9.169999999999995
APIGraph,2015,XGBoost,64.23,74.69,10.459999999999994
APIGraph,2016,FPTM,66.6,68.22,1.6200000000000045
APIGraph,2016,LightGBM,64.3,74.02,9.719999999999999
APIGraph,2016,XGBoost,67.07,71.89,4.820000000000007
APIGraph,2017,FPTM,72.65,74.16,1.509999999999991
APIGraph,2017,LightGBM,71.19,76.45,5.260000000000005
APIGraph,2017,XGBoost,71.58,76.17,4.590000000000003
APIGraph,2018,FPTM,70.95,73.19,2.239999999999995
APIGraph,2018,LightGBM,58.23,75.64,17.410000000000004
APIGraph,2018,XGBoost,70.07,73.37,3.3000000000000114
LAMDA,IID,FPTM,95.65,95.68,0.030000000000001137
LAMDA,IID,LightGBM,97.44,97.47,0.030000000000001137
LAMDA,IID,XGBoost,97.15,97.18,0.030000000000001137
LAMDA,2016,FPTM,85.69,86.8,1.1099999999999994
LAMDA,2016,LightGBM,85.58,88.32,2.739999999999995
LAMDA,2016,XGBoost,85.27,88.56,3.2900000000000063
LAMDA,2017,FPTM,38.85,41.93,3.0799999999999983
LAMDA,2017,LightGBM,34.46,46.45,11.990000000000002
LAMDA,2017,XGBoost,28.67,42.16,13.489999999999995
LAMDA,2018,FPTM,33.59,55.84,22.25
LAMDA,2018,LightGBM,28.24,61.62,33.379999999999995
LAMDA,2018,XGBoost,25.82,58.74,32.92
LAMDA,2019,FPTM,81.13,85.34,4.210000000000008
LAMDA,2019,LightGBM,72.57,86.31,13.740000000000009
LAMDA,2019,XGBoost,75.78,88.43,12.650000000000006
LAMDA,2020,FPTM,83.05,87.9,4.8500000000000085
LAMDA,2020,LightGBM,67.87,86.12,18.25
LAMDA,2020,XGBoost,73.34,89.0,15.659999999999997
LAMDA,2021,FPTM,78.49,86.24,7.75
LAMDA,2021,LightGBM,52.97,83.03,30.060000000000002
LAMDA,2021,XGBoost,64.54,86.46,21.919999999999987
LAMDA,2022,FPTM,81.09,87.3,6.209999999999994
LAMDA,2022,LightGBM,65.68,88.3,22.61999999999999
LAMDA,2022,XGBoost,68.45,91.0,22.549999999999997
