feature_index,feature_name,p_malware,p_benign,n_positive_literals,n_negated_literals,shapley,partition
1861,feat_1860,0.443525,0.023263,2,8,1.228297,overlap
1833,feat_1832,0.520975,0.034330,3,8,1.126075,overlap
3099,feat_3098,0.577055,0.109068,3,8,1.032478,overlap
2241,feat_2240,0.513653,0.095821,2,5,0.983156,overlap
3237,feat_3236,0.129869,0.000282,4,7,0.968577,overlap
1874,feat_1873,0.449210,0.054835,2,9,0.939784,overlap
2284,feat_2283,0.963334,0.418036,4,1,0.807376,overlap
2181,feat_2180,0.845946,0.280576,5,2,0.765626,overlap
2294,feat_2293,0.398372,0.134754,4,3,0.556988,overlap
3097,feat_3096,0.917474,0.409072,4,0,0.535321,overlap
2653,feat_2652,0.189208,0.030778,1,5,0.527930,overlap
4540,feat_4539,0.873223,0.713564,8,0,0.514520,overlap
4525,feat_4524,0.468514,0.250888,4,3,0.498145,overlap
4088,feat_4087,0.413363,0.501674,5,4,0.472672,overlap
4528,feat_4527,0.745906,0.210428,4,2,0.432733,overlap
3087,feat_3086,0.880393,0.708524,6,1,0.387186,overlap
3399,feat_3398,0.110205,0.000051,0,6,0.380206,overlap
2330,feat_2329,0.608146,0.311058,1,0,0.370737,overlap
2167,feat_2166,0.588274,0.272484,2,4,0.357372,overlap
3119,feat_3118,0.588953,0.205119,5,5,0.352721,overlap
2329,feat_2328,0.452899,0.289001,2,1,0.350409,overlap
4527,feat_4526,0.934656,0.778376,5,0,0.340770,overlap
3833,feat_3832,0.097558,0.154862,2,1,0.340714,residual
3861,feat_3860,0.187170,0.335244,2,1,0.334620,overlap
3120,feat_3119,0.834034,0.524744,7,2,0.303644,overlap
3994,feat_3993,0.170168,0.165686,2,5,0.302550,residual
2582,feat_2581,0.208470,0.204093,1,1,0.301663,residual
4176,feat_4175,0.049396,0.147424,1,2,0.274254,overlap
2628,feat_2627,0.140852,0.165160,1,1,0.256251,residual
2647,feat_2646,0.314890,0.366496,1,2,0.254423,residual
2358,feat_2357,0.081402,0.013273,1,3,0.249730,overlap
2356,feat_2355,0.425608,0.055207,1,3,0.248401,overlap
2561,feat_2560,0.286225,0.205863,0,3,0.246955,overlap
2380,feat_2379,0.052225,0.155542,0,4,0.230140,overlap
2522,feat_2521,0.448947,0.289334,4,3,0.229057,overlap
2564,feat_2563,0.091193,0.096026,1,2,0.224464,residual
2178,feat_2177,0.989405,0.799946,5,0,0.222144,overlap
1972,feat_1971,0.057273,0.158196,1,1,0.218815,overlap
2607,feat_2606,0.075342,0.073751,1,5,0.217621,residual
3551,feat_3550,0.072610,0.085805,1,2,0.215441,residual
2171,feat_2170,0.523984,0.282166,3,1,0.214629,overlap
2502,feat_2501,0.059478,0.030277,3,6,0.208752,residual
1862,feat_1861,0.116307,0.147091,1,2,0.208305,residual
4545,feat_4544,0.903801,0.350941,4,2,0.208076,overlap
1838,feat_1837,0.327412,0.026815,0,2,0.202776,overlap
478,feat_477,0.225361,0.283782,0,2,0.199774,residual
2211,feat_2210,0.070447,0.144590,1,1,0.199493,overlap
2209,feat_2208,0.054971,0.109953,0,4,0.184648,residual
3089,feat_3088,0.333819,0.416009,3,2,0.181732,overlap
2421,feat_2420,0.002926,0.048911,0,5,0.181717,residual
3075,feat_3074,0.474047,0.346760,5,2,0.180276,overlap
2318,feat_2317,0.436105,0.040460,1,3,0.179692,overlap
2174,feat_2173,0.127304,0.034958,0,4,0.171001,overlap
2565,feat_2564,0.236996,0.201144,2,1,0.169664,residual
4555,feat_4554,0.417218,0.225894,2,3,0.169367,overlap
2670,feat_2669,0.190151,0.338707,0,3,0.168608,overlap
4556,feat_4555,0.572867,0.299581,2,3,0.166574,overlap
3997,feat_3996,0.073207,0.170661,1,2,0.165001,overlap
3083,feat_3082,0.956941,0.807589,6,0,0.160705,overlap
2580,feat_2579,0.136123,0.049257,1,2,0.159360,overlap
2585,feat_2584,0.218150,0.252799,0,3,0.157059,residual
1903,feat_1902,0.193174,0.000013,0,3,0.156546,overlap
2218,feat_2217,0.199179,0.075059,1,2,0.155297,overlap
1428,feat_1427,0.057647,0.000000,0,6,0.154510,residual
2260,feat_2259,0.211854,0.055015,0,5,0.150791,overlap
2313,feat_2312,0.058951,0.045833,0,6,0.149020,residual
4514,feat_4513,0.079461,0.060657,2,4,0.147944,residual
1229,feat_1228,0.038884,0.000718,0,5,0.144929,residual
2335,feat_2334,0.892624,0.591672,4,0,0.143122,overlap
1795,feat_1794,0.332917,0.143731,3,0,0.139452,overlap
4413,feat_4412,0.143099,0.078957,0,2,0.139044,overlap
2586,feat_2585,0.203436,0.190038,0,1,0.133881,residual
2176,feat_2175,0.027222,0.025686,0,6,0.131695,residual
3854,feat_3853,0.168920,0.147553,2,1,0.131475,residual
2581,feat_2580,0.164025,0.170764,2,1,0.130229,residual
3908,feat_3907,0.038607,0.009477,0,4,0.130091,residual
76,feat_75,0.058216,0.000192,0,4,0.127495,residual
2648,feat_2647,0.313586,0.365124,2,3,0.124233,residual
1973,feat_1972,0.043613,0.142769,0,2,0.123640,overlap
3851,feat_3850,0.130895,0.078855,1,5,0.120214,residual
2583,feat_2582,0.092982,0.103695,1,1,0.115445,residual
4419,feat_4418,0.232295,0.288655,1,1,0.114482,residual
2021,feat_2020,0.077741,0.000154,0,2,0.114365,overlap
1800,feat_1799,0.180042,0.015671,0,3,0.114098,overlap
2560,feat_2559,0.142780,0.132972,2,2,0.113407,residual
4539,feat_4538,0.310494,0.063556,2,3,0.113279,overlap
1849,feat_1848,0.019442,0.049180,0,3,0.111477,residual
4416,feat_4415,0.065469,0.155503,1,0,0.111049,overlap
2277,feat_2276,0.138703,0.055669,0,4,0.110149,overlap
2341,feat_2340,0.074926,0.071866,0,1,0.108766,residual
3095,feat_3094,0.102897,0.037510,1,3,0.108285,overlap
3118,feat_3117,0.941174,0.694546,5,1,0.107721,overlap
2668,feat_2667,0.143154,0.309917,0,1,0.105979,overlap
2215,feat_2214,0.019442,0.012247,0,4,0.105558,residual
2309,feat_2308,0.084134,0.059926,1,3,0.103823,residual
1939,feat_1938,0.066841,0.078136,0,3,0.103578,residual
3414,feat_3413,0.058077,0.010323,0,2,0.096823,residual
3076,feat_3075,0.024878,0.040678,0,3,0.092822,residual
75,feat_74,0.058216,0.000192,0,3,0.090532,residual
4536,feat_4535,0.075314,0.049949,0,2,0.089501,residual
